time,soft_z_min,soft_z_max,soft_z_span,soft_xy_radius,soft_center_x,soft_center_y,soft_center_z
0.000000000000000000e+00,1.084999999999999964e+00,1.415000000000000036e+00,3.300000000000000711e-01,1.672380129856230191e-01,-2.234126807352162462e-03,1.140095768728470026e-03,1.250114228308736530e+00
1.666666666666666644e-02,1.083297456597222208e+00,1.413297456597222279e+00,3.300000000000000711e-01,1.672380129856230191e-01,-2.234126807352162462e-03,1.140095768728470460e-03,1.248411684905959884e+00
3.333333333333333287e-02,1.078870843750000086e+00,1.408870843750000157e+00,3.300000000000000711e-01,1.672380129856230191e-01,-2.234126807352165497e-03,1.140095768728470460e-03,1.243985072058737318e+00
5.000000000000000278e-02,1.071720161458333376e+00,1.401720161458333447e+00,3.300000000000000711e-01,1.672380129856230191e-01,-2.234126807352169834e-03,1.140095768728471978e-03,1.236834389767068609e+00
6.666666666666666574e-02,1.061845409722222300e+00,1.391845409722222371e+00,3.300000000000000711e-01,1.672380129856230191e-01,-2.234126807352168533e-03,1.140095768728469593e-03,1.226959638030958866e+00
8.333333333333332871e-02,1.049246588541666858e+00,1.379246588541666929e+00,3.300000000000000711e-01,1.672380129856230746e-01,-2.234126807352196289e-03,1.140095768728468508e-03,1.214360816850402092e+00
1.000000000000000056e-01,1.033923697916666606e+00,1.363923697916666899e+00,3.300000000000002931e-01,1.672380129856231579e-01,-2.234126807352184579e-03,1.140095768728469159e-03,1.199037926225401174e+00
1.166666666666666685e-01,1.015876737847222211e+00,1.345876737847222282e+00,3.300000000000000711e-01,1.672380129856231579e-01,-2.234126807352211468e-03,1.140095768728470243e-03,1.180990966155957445e+00
1.333333333333333315e-01,9.951057083333335607e-01,1.325105708333333521e+00,3.299999999999999600e-01,1.672380129856227970e-01,-2.234126807352219274e-03,1.140095768728469810e-03,1.160219936642071126e+00
1.499999999999999944e-01,9.716106093750001005e-01,1.301610609375000394e+00,3.300000000000002931e-01,1.672380129856229636e-01,-2.234126807352173304e-03,1.140095768728470026e-03,1.136724837683735112e+00
1.666666666666666574e-01,9.453914409722223855e-01,1.275391440972222235e+00,3.299999999999998490e-01,1.672380129856230468e-01,-2.234126807352197590e-03,1.140095768728470460e-03,1.110505669280958951e+00
1.833333333333333204e-01,9.164482031250003047e-01,1.246448203125000154e+00,3.299999999999998490e-01,1.672380129856230191e-01,-2.234126807352188916e-03,1.140095768728469810e-03,1.081562431433735094e+00
2.000000000000000111e-01,8.847808958333334139e-01,1.214780895833333707e+00,3.300000000000002931e-01,1.672380129856230468e-01,-2.234126807352199325e-03,1.140095768728471327e-03,1.049895124142070424e+00
2.166666666666666741e-01,8.503895190972221574e-01,1.180389519097222006e+00,3.299999999999998490e-01,1.672380129856231024e-01,-2.234126807352186748e-03,1.140095768728469593e-03,1.015503747405957391e+00
2.333333333333333370e-01,8.132740729166666460e-01,1.143274072916666606e+00,3.299999999999999600e-01,1.672380129856228803e-01,-2.234126807352187181e-03,1.140095768728470460e-03,9.783883012254046552e-01
2.500000000000000000e-01,7.734345572916669909e-01,1.103434557291667062e+00,3.300000000000000711e-01,1.672380129856231024e-01,-2.234126807352164196e-03,1.140095768728469810e-03,9.385487856004018914e-01
2.666666666666666630e-01,7.559999999605262477e-01,1.063916323950086840e+00,3.079163239895605919e-01,1.672444540495574283e-01,-2.236031150056127549e-03,1.142291836973979846e-03,9.016096666259760806e-01
2.833333333333333259e-01,7.552046154444214121e-01,1.043684278903663998e+00,2.884796634592425857e-01,1.673879716647543869e-01,-2.248812278369422338e-03,1.145092819389308039e-03,8.868715771074259235e-01
2.999999999999999889e-01,7.553790043344260630e-01,1.036669615025469282e+00,2.812906106910432191e-01,1.676552028201533373e-01,-2.267557601191723480e-03,1.147281397650704027e-03,8.820428641264972391e-01
3.166666666666666519e-01,7.555151582954160450e-01,1.034071454055971007e+00,2.785562957605549617e-01,1.679608030573051802e-01,-2.286889339057678050e-03,1.149501444717340682e-03,8.802200998953734201e-01
3.333333333333333148e-01,7.556214603824820131e-01,1.032703378888050860e+00,2.770819185055688472e-01,1.682708817491946063e-01,-2.310870656023858525e-03,1.143550353809397050e-03,8.792220745945406035e-01
3.499999999999999778e-01,7.557044555820107146e-01,1.031664062749847899e+00,2.759596071678371842e-01,1.685747240749129738e-01,-2.340544279925236160e-03,1.127528379247174717e-03,8.784433787222339918e-01
3.666666666666666408e-01,7.557692540663975000e-01,1.030691011290086667e+00,2.749217572236891671e-01,1.688675939949602356e-01,-2.370379554133114977e-03,1.111598482221817265e-03,8.777010773087597917e-01
3.833333333333333037e-01,7.558198453490502233e-01,1.029681117930189904e+00,2.738612725811396809e-01,1.691450000318895641e-01,-2.388875181949696135e-03,1.097641136709596663e-03,8.769180333490120827e-01
4.000000000000000222e-01,7.558593444512945458e-01,1.028755014865773809e+00,2.728956704144792633e-01,1.694104004488083404e-01,-2.403012064342222032e-03,1.085612061814764584e-03,8.762371700827807919e-01
4.166666666666666852e-01,7.558901833125848402e-01,1.027869518804308102e+00,2.719793354917232620e-01,1.696695425059495110e-01,-2.418086125744944685e-03,1.076124274167275822e-03,8.755835166650274282e-01
4.333333333333333481e-01,7.559142607256364998e-01,1.026988070083488136e+00,2.710738093578516361e-01,1.699219580968183707e-01,-2.432652267468191250e-03,1.071899576349643430e-03,8.749308987819426342e-01
4.500000000000000111e-01,7.559330591572304137e-01,1.026089224982103199e+00,2.701561658248727849e-01,1.701680608416804852e-01,-2.434278541300018053e-03,1.094744425326855041e-03,8.742600152639035116e-01
4.666666666666666741e-01,7.559477359818845832e-01,1.025172698679352123e+00,2.692249626974675403e-01,1.704072712318846772e-01,-2.443877245207949113e-03,1.114391108525996082e-03,8.735600123364718472e-01
4.833333333333333370e-01,7.559460655459822043e-01,1.024205203181109525e+00,2.682591376351273205e-01,1.706384013027260060e-01,-2.456887790878049729e-03,1.139226942409486080e-03,8.728449118359105086e-01
5.000000000000000000e-01,7.559578907476591780e-01,1.023329925872818569e+00,2.673720351251593907e-01,1.708642124626623959e-01,-2.469051214756957328e-03,1.173130855509785719e-03,8.722124958512215143e-01
5.166666666666666075e-01,7.559671232424490794e-01,1.022473029369667996e+00,2.665059061272189167e-01,1.710854533133514543e-01,-2.479585760758150348e-03,1.209172045791082192e-03,8.715752628601743934e-01
5.333333333333333259e-01,7.559743314747208176e-01,1.021619434408745475e+00,2.656451029340246572e-01,1.712981340278084685e-01,-2.502169765737503188e-03,1.220500746998101193e-03,8.709662253100699525e-01
5.500000000000000444e-01,7.559619632368230757e-01,1.020779092546085787e+00,2.648171293092627110e-01,1.715062150150600540e-01,-2.531305634822573168e-03,1.222604289287586039e-03,8.703477037348518186e-01
5.666666666666666519e-01,7.559703028477652298e-01,1.019975922978440197e+00,2.640056201306749672e-01,1.717106993915746838e-01,-2.563514712848883898e-03,1.222753298651501350e-03,8.697771066145261187e-01
5.833333333333333703e-01,7.559612223213245663e-01,1.019192203637665495e+00,2.632309813163409284e-01,1.719105074134103517e-01,-2.595379259608347061e-03,1.223227159588088095e-03,8.692167761813681670e-01
5.999999999999999778e-01,7.559697243716965165e-01,1.018411493028920312e+00,2.624417686572237951e-01,1.721064857017489402e-01,-2.626207616414934914e-03,1.223756171010621134e-03,8.686578865459753107e-01
6.166666666666666963e-01,7.559763622999606802e-01,1.017629924613139725e+00,2.616535623131790445e-01,1.722989102982235565e-01,-2.658506788597971796e-03,1.220786742587807831e-03,8.680970395888558677e-01
6.333333333333333037e-01,7.559815448980672370e-01,1.016845746166305409e+00,2.608642012682381717e-01,1.724868761091263858e-01,-2.687966914579247371e-03,1.216134875425076839e-03,8.675329970562400961e-01
6.500000000000000222e-01,7.559855911947255258e-01,1.016058557976633248e+00,2.600729667819077218e-01,1.726719569051087810e-01,-2.705904458921751590e-03,1.218033875571153868e-03,8.669654801026398516e-01
6.666666666666666297e-01,7.559887503273965415e-01,1.015187144968206390e+00,2.591983946408098483e-01,1.728521838694203616e-01,-2.716054780318769533e-03,1.221890962903481558e-03,8.662657746495678879e-01
6.833333333333333481e-01,7.559912168269615762e-01,1.014157565352672208e+00,2.581663485257106316e-01,1.730253194844853237e-01,-2.716638881331346830e-03,1.196812963868413258e-03,8.654577968624013184e-01
6.999999999999999556e-01,7.559607407783570654e-01,1.013239358059382589e+00,2.572786172810255234e-01,1.731901105650189288e-01,-2.705216831915511176e-03,1.179363963465301576e-03,8.648348421046068157e-01
7.166666666666666741e-01,7.559693484092401272e-01,1.012483970233600372e+00,2.565146218243602450e-01,1.733524404692151355e-01,-2.698637904509525696e-03,1.159367844754933662e-03,8.642849886119128300e-01
7.333333333333332815e-01,7.559760687906849075e-01,1.011773485302544406e+00,2.557974165118594989e-01,1.735115752837231573e-01,-2.697816032326059380e-03,1.150094394714012069e-03,8.638143400213889045e-01
7.500000000000000000e-01,7.559337101559971961e-01,1.010990925355364389e+00,2.550572151993671932e-01,1.736654823166487172e-01,-2.701903711465222097e-03,1.148431548471473855e-03,8.632298736757592073e-01
7.666666666666666075e-01,7.550867948136184005e-01,1.010321651186923297e+00,2.552348563733048969e-01,1.738147516777805712e-01,-2.712555929900396443e-03,1.151271934255470664e-03,8.627871624224204838e-01
7.833333333333333259e-01,7.552870159804895289e-01,1.009723805148163400e+00,2.544367891676738713e-01,1.739629309705114091e-01,-2.724148738075127078e-03,1.153361067786955185e-03,8.624040730758678608e-01
8.000000000000000444e-01,7.554433385236623000e-01,1.009155181464158835e+00,2.537118429404965347e-01,1.741106023301898509e-01,-2.735344652743137116e-03,1.152454342361183262e-03,8.620357521578907445e-01
8.166666666666666519e-01,7.555653871611965888e-01,1.008602425009995640e+00,2.530370378487990513e-01,1.742578567263062261e-01,-2.745358472886257756e-03,1.148901786481887561e-03,8.616736886744580382e-01
8.333333333333333703e-01,7.556606764800223308e-01,1.008053084334196159e+00,2.523924078541738281e-01,1.744042478654802830e-01,-2.754771841935304069e-03,1.147893799478436885e-03,8.613214908877498965e-01
8.499999999999999778e-01,7.557350735145969001e-01,1.007448297237768964e+00,2.517132237231720637e-01,1.745490039949883498e-01,-2.764341194457334370e-03,1.145970834713955786e-03,8.608916172287682800e-01
8.666666666666666963e-01,7.557931589447740572e-01,1.006854477506869516e+00,2.510613185620954591e-01,1.746914416969154449e-01,-2.775604757887677188e-03,1.145658931600711857e-03,8.605115445510681527e-01
8.833333333333333037e-01,7.558385090797716810e-01,1.006310895703634856e+00,2.504723866238631746e-01,1.748332745345676509e-01,-2.787338565814867931e-03,1.146718537192128800e-03,8.601620779743183176e-01
9.000000000000000222e-01,7.558739161217693514e-01,1.005778804065066812e+00,2.499048879432974601e-01,1.749741503988685720e-01,-2.800190975903845293e-03,1.148656650584691874e-03,8.598191567497135424e-01
9.166666666666666297e-01,7.559015601346888991e-01,1.005250536885628154e+00,2.493489767509392552e-01,1.751137800733781613e-01,-2.813466058878722354e-03,1.149029466447235633e-03,8.594784545587130786e-01
9.333333333333333481e-01,7.559231431896726860e-01,1.004724210258238992e+00,2.488010670685663062e-01,1.752521563667310822e-01,-2.826262610371274315e-03,1.151091350493536024e-03,8.591382931445105120e-01
9.499999999999999556e-01,7.559399941349702612e-01,1.004180266196877058e+00,2.482402720619067971e-01,1.753891666461119547e-01,-2.839108543585499873e-03,1.149603109280120886e-03,8.587628652804218943e-01
9.666666666666666741e-01,7.559531504951664260e-01,1.003576304640970918e+00,2.476231541458044916e-01,1.755247473869582797e-01,-2.852068270358807094e-03,1.142812845405108760e-03,8.583581553401877784e-01
9.833333333333332815e-01,7.559634223064822800e-01,1.003045658342968549e+00,2.470822360364862691e-01,1.756602743313865622e-01,-2.867022466811686848e-03,1.136993538215270516e-03,8.580195207333848328e-01
1.000000000000000000e+00,7.559696322581914707e-01,1.002512780337313947e+00,2.465431480791224761e-01,1.757945594830179203e-01,-2.882202520526519832e-03,1.130661286337183167e-03,8.576566585786864483e-01
1.016666666666666607e+00,7.559670311255171082e-01,1.001845329459294387e+00,2.458782983337772787e-01,1.759239901304923970e-01,-2.897396847504214810e-03,1.121945353892199026e-03,8.572020221561047482e-01
1.033333333333333215e+00,7.559742595667063858e-01,1.001335791168492806e+00,2.453615316017864201e-01,1.760526481478232319e-01,-2.913974447670856713e-03,1.114036675656613230e-03,8.568878662034217220e-01
1.050000000000000044e+00,7.559799031863941865e-01,1.000865676983418995e+00,2.448857737970248083e-01,1.761775719002987017e-01,-2.929676604037689206e-03,1.107040137328524311e-03,8.565965238001430615e-01
1.066666666666666652e+00,7.559843094013976028e-01,1.000404711567935312e+00,2.444204021665377091e-01,1.763018274435348420e-01,-2.943849736464606431e-03,1.099180608571724864e-03,8.563106710545957956e-01
1.083333333333333259e+00,7.559871920558292047e-01,9.999187213344605807e-01,2.439315292786313760e-01,1.764252999797063792e-01,-2.956995808415215435e-03,1.092257366681700318e-03,8.559974996175975237e-01
1.100000000000000089e+00,7.559036840603894358e-01,9.994480276136297192e-01,2.435443435532402834e-01,1.765478144186682918e-01,-2.968498742958845457e-03,1.087374539075013037e-03,8.556997183030333742e-01
1.116666666666666696e+00,7.559248014091947132e-01,9.989786920835718176e-01,2.430538906743771044e-01,1.766700396652502170e-01,-2.979333230603070735e-03,1.083362711131752700e-03,8.553933798773625252e-01
1.133333333333333304e+00,7.559412887870429199e-01,9.984487241763863041e-01,2.425074353893433843e-01,1.767923521829899702e-01,-2.992841280787874713e-03,1.080358660323199561e-03,8.550442357213502431e-01
1.149999999999999911e+00,7.559541613215358113e-01,9.979749601178723450e-01,2.420207987963365337e-01,1.769134738262961581e-01,-3.006790893688384217e-03,1.076191653076590633e-03,8.547601803092950146e-01
1.166666666666666741e+00,7.559642115071089075e-01,9.975470431542940997e-01,2.415828316471851922e-01,1.770322751578492226e-01,-3.021263348780405325e-03,1.071223473361151111e-03,8.545030265145768800e-01
1.183333333333333348e+00,7.559720581706402820e-01,9.971288597357852446e-01,2.411568015651449626e-01,1.771494798557482764e-01,-3.034068620282698477e-03,1.066313612167374674e-03,8.542514599594700497e-01
1.199999999999999956e+00,7.559781844339104051e-01,9.967138465119655955e-01,2.407356620780551903e-01,1.772677435332560836e-01,-3.044022996891033225e-03,1.060695602464306478e-03,8.540017324632630524e-01
1.216666666666666563e+00,7.559829675508651370e-01,9.963007508273349355e-01,2.403177832764697985e-01,1.773853794802429662e-01,-3.052711018362572366e-03,1.054949147820163999e-03,8.537531083007573462e-01
1.233333333333333393e+00,7.559867019148681644e-01,9.958891957254418781e-01,2.399024938105737137e-01,1.775019980843135226e-01,-3.060860256014126014e-03,1.048762278544201985e-03,8.535053279682074390e-01
1.250000000000000000e+00,7.559896175582644373e-01,9.954789553452895179e-01,2.394893377870250806e-01,1.776175720692251547e-01,-3.068636091981630232e-03,1.042453470226107227e-03,8.532582199135333445e-01
1.266666666666666607e+00,7.559918938947266520e-01,9.950698396726059825e-01,2.390779457778793304e-01,1.777320928280085865e-01,-3.076132538771696612e-03,1.036381905293443789e-03,8.530116352579453221e-01
1.283333333333333215e+00,7.559936711561083822e-01,9.946616777781669416e-01,2.386680066220585594e-01,1.778455543999295507e-01,-3.083315810136379957e-03,1.030070655699380977e-03,8.527654400163180437e-01
1.300000000000000044e+00,7.559950587815125189e-01,9.942543085376822631e-01,2.382592497561697442e-01,1.779579480312588891e-01,-3.090167024975014245e-03,1.023720767965299958e-03,8.525195079655715213e-01
1.316666666666666652e+00,7.559961421529647341e-01,9.938475819563368230e-01,2.378514398033720889e-01,1.780692743757915086e-01,-3.096735284593779731e-03,1.017470915710851466e-03,8.522737221154951248e-01
1.333333333333333259e+00,7.559969880270579479e-01,9.934413590783883752e-01,2.374443710513304273e-01,1.781795253408606783e-01,-3.102953459227587255e-03,1.010789332792965279e-03,8.520279742709118143e-01
1.350000000000000089e+00,7.559976483885686438e-01,9.930355068176677236e-01,2.370378584290990798e-01,1.782887788389783956e-01,-3.108983693454768927e-03,1.004274101227577631e-03,8.517821614114099438e-01
1.366666666666666696e+00,7.559981639647911367e-01,9.926298980169916408e-01,2.366317340522005042e-01,1.783971947236790700e-01,-3.115156637819763152e-03,9.972218469623775772e-04,8.515361855851680817e-01
1.383333333333333304e+00,7.559985665142959776e-01,9.922009643352815988e-01,2.362023978209856212e-01,1.785043033447618055e-01,-3.121219296886630894e-03,9.907935329304374227e-04,8.512665568909124625e-01
1.399999999999999911e+00,7.559988807883651907e-01,9.917929056952528022e-01,2.357940249068876115e-01,1.786104102737880450e-01,-3.127014059230406613e-03,9.850965260412866773e-04,8.510196796711224643e-01
1.416666666666666741e+00,7.559991261979333022e-01,9.913896364001733019e-01,2.353905102022399998e-01,1.787155209640331477e-01,-3.132413815680044900e-03,9.795885820106759682e-04,8.507751216479005896e-01
1.433333333333333348e+00,7.559993177976024326e-01,9.909869869687102373e-01,2.349876691711078047e-01,1.788195939466594997e-01,-3.137417013175406496e-03,9.740175901611842265e-04,8.505305294534113436e-01
1.449999999999999956e+00,7.559994673769991902e-01,9.905842037575310899e-01,2.345847363805318997e-01,1.789226200855247861e-01,-3.142038871034181623e-03,9.682708825151874719e-04,8.502854628067086917e-01
1.466666666666666563e+00,7.559903345927179164e-01,9.901812952185303773e-01,2.341909606258124610e-01,1.790246008977993963e-01,-3.146537118327627242e-03,9.620065746905342606e-04,8.500401240509183332e-01
1.483333333333333393e+00,7.559924537557290991e-01,9.897788533990315996e-01,2.337863996433025005e-01,1.791254314281091053e-01,-3.150920669405302653e-03,9.550624729860921446e-04,8.497950225456958329e-01
1.500000000000000000e+00,7.559941082632755105e-01,9.893760943567910804e-01,2.333819860935155699e-01,1.792252440527167812e-01,-3.154856541565095440e-03,9.482618077130823379e-04,8.495493039067897323e-01
1.516666666666666607e+00,7.559954000619348857e-01,9.889727166729462837e-01,2.329773166110113980e-01,1.793240496073399970e-01,-3.158502225558802202e-03,9.414850706829991020e-04,8.493027485194880599e-01
1.533333333333333215e+00,7.559964085863459804e-01,9.885686097623543889e-01,2.325722011760084085e-01,1.794218372204493539e-01,-3.161848824244578061e-03,9.346738849793955525e-04,8.490552824655590580e-01
1.550000000000000044e+00,7.559836775860329094e-01,9.881636583375925653e-01,2.321799807515596559e-01,1.795114490535872076e-01,-3.177058755818927809e-03,9.344880383692416234e-04,8.488067232529716843e-01
1.566666666666666652e+00,7.559839647975516996e-01,9.877574311471519763e-01,2.317734663496002767e-01,1.796060848110777319e-01,-3.184541624853548612e-03,9.314926811561581891e-04,8.485568051046766813e-01
1.583333333333333259e+00,7.559874805498407735e-01,9.873510265352580806e-01,2.313635459854173071e-01,1.797015180729097661e-01,-3.187172992613250544e-03,9.265065035444455159e-04,8.483065428321147072e-01
1.600000000000000089e+00,7.559902254764411245e-01,9.869436214855932255e-01,2.309533960091521010e-01,1.797959612141929175e-01,-3.188701050927261488e-03,9.209303030682581322e-04,8.480550195909170030e-01
1.616666666666666696e+00,7.559923685257867731e-01,9.865351332302820797e-01,2.305427647044953066e-01,1.798894784640648892e-01,-3.189924458339571389e-03,9.156608707983699335e-04,8.478024274909639058e-01
1.633333333333333304e+00,7.559920913277483612e-01,9.861254653709674578e-01,2.301333740432190966e-01,1.799820526926692588e-01,-3.191134687258425934e-03,9.101230696311304923e-04,8.475485819309956925e-01
1.649999999999999911e+00,7.559924571334017962e-01,9.857146162113196164e-01,2.297221590779178202e-01,1.800736092884099304e-01,-3.191885639920137487e-03,9.047213846180255118e-04,8.472935944172284017e-01
1.666666666666666741e+00,7.559941109025316575e-01,9.853024877900026235e-01,2.293083768874709660e-01,1.801644317023236297e-01,-3.191913186385871796e-03,8.979951592293360530e-04,8.470372970272846969e-01
1.683333333333333348e+00,7.559954021156426451e-01,9.848889802671032534e-01,2.288935781514606083e-01,1.802542315477589918e-01,-3.191745196274736653e-03,8.916049103547763139e-04,8.467796193422504336e-01
1.699999999999999956e+00,7.559820562967924928e-01,9.844737817316898676e-01,2.284917254348973747e-01,1.803428844934169550e-01,-3.191627970813890915e-03,8.847896191862402327e-04,8.465201513167481817e-01
1.716666666666666563e+00,7.559859904804346886e-01,9.840571321733715404e-01,2.280711416929368518e-01,1.804305401291870226e-01,-3.191518382390079196e-03,8.783200389911602693e-04,8.462594561767144974e-01
1.733333333333333393e+00,7.559890620894457181e-01,9.836392391399114699e-01,2.276501770504657518e-01,1.805172916945190498e-01,-3.190974807257326157e-03,8.717316735201808631e-04,8.459975179838302717e-01
1.750000000000000000e+00,7.559840066706859929e-01,9.832196404693738234e-01,2.272356337986878305e-01,1.806030126122057655e-01,-3.190279612174574345e-03,8.649377286605284838e-04,8.457337580213710737e-01
1.766666666666666607e+00,7.559875132047112478e-01,9.827981926863225137e-01,2.268106794816112659e-01,1.806882067567220918e-01,-3.190120017980605568e-03,8.585155962073385064e-04,8.454684452492520208e-01
1.783333333333333215e+00,7.559902509580523899e-01,9.823597428078673088e-01,2.263694918498149189e-01,1.807733510439528679e-01,-3.191726134448959543e-03,8.535456229896154490e-04,8.451778728481692537e-01
1.800000000000000044e+00,7.559923884464255783e-01,9.819005328411845035e-01,2.259081443947589252e-01,1.808570612754660245e-01,-3.192455288206193578e-03,8.497864594034935980e-04,8.448897291737125226e-01
1.816666666666666652e+00,7.559714910035952862e-01,9.814686351562238453e-01,2.254971441526285592e-01,1.809407023053814234e-01,-3.191085437178976369e-03,8.443399337991416842e-04,8.446120377984526195e-01
1.833333333333333259e+00,7.559777416254098714e-01,9.810354275262864743e-01,2.250576859008766029e-01,1.810250647788475831e-01,-3.185027969853227239e-03,8.353968551630560051e-04,8.443403015871078221e-01
1.849999999999999867e+00,7.559826218147543964e-01,9.806153973154785319e-01,2.246327755007241356e-01,1.811082870690401136e-01,-3.178587956476805389e-03,8.268930222344157916e-04,8.440766897447339323e-01
1.866666666666666696e+00,7.559864319777340746e-01,9.801964976454279332e-01,2.242100656676938586e-01,1.811890754964564088e-01,-3.173883490643753663e-03,8.216827303770821763e-04,8.438131960270511822e-01
1.883333333333333304e+00,7.559834902921254152e-01,9.797764503267519798e-01,2.237929600346265646e-01,1.812708184753354934e-01,-3.167170408069261943e-03,8.192403601006596281e-04,8.435484086997868669e-01
1.899999999999999911e+00,7.559871100956510048e-01,9.793551051056099688e-01,2.233679950099589639e-01,1.813511297170520287e-01,-3.160550884416564107e-03,8.174933676660430925e-04,8.432825828074573815e-01
1.916666666666666741e+00,7.559899362114170795e-01,9.789324580553604438e-01,2.229425218439433642e-01,1.814296930949825248e-01,-3.154495207126300702e-03,8.155758989378521315e-04,8.430154587922547016e-01
1.933333333333333348e+00,7.559921427198926791e-01,9.785082462003197312e-01,2.225161034804270521e-01,1.815064298376243279e-01,-3.149312386088522295e-03,8.137940257699856003e-04,8.427468633875520032e-01
1.949999999999999956e+00,7.559854640012619864e-01,9.780822160553216404e-01,2.220967520540596540e-01,1.815812997852390698e-01,-3.144875717998432945e-03,8.120534802807303056e-04,8.424765422647946256e-01
1.966666666666666563e+00,7.559886510272060267e-01,9.776546008074635807e-01,2.216659497802575540e-01,1.816544694812231298e-01,-3.141335552952394684e-03,8.105620220696350964e-04,8.422048195751603572e-01
1.983333333333333393e+00,7.559911393071120367e-01,9.772252561125424064e-01,2.212341168054303697e-01,1.817259310870893985e-01,-3.138642380016952449e-03,8.090604945654083840e-04,8.419314753684914443e-01
2.000000000000000000e+00,7.559676837041194863e-01,9.767934997540570485e-01,2.208258160499375622e-01,1.817957839813073018e-01,-3.136786984009337035e-03,8.066632655924693479e-04,8.416557099222772287e-01
2.016666666666666607e+00,7.559747690820304289e-01,9.763501161152643437e-01,2.203753470332339148e-01,1.818636982093066179e-01,-3.136312213556868411e-03,8.023189930679885170e-04,8.413684334289631694e-01
2.033333333333333215e+00,7.559803009872366752e-01,9.758651170514025530e-01,2.198848160641658778e-01,1.819297685231968109e-01,-3.136689347115530994e-03,7.962489037593151577e-04,8.410431240691230714e-01
2.049999999999999822e+00,7.559846200149942241e-01,9.754209997444529545e-01,2.194363797294587304e-01,1.819948879512988671e-01,-3.137885158328571587e-03,7.890475957402406362e-04,8.407637759753411322e-01
2.066666666666666430e+00,7.559853157654000677e-01,9.749947471519586628e-01,2.190094313865585951e-01,1.820583629557184224e-01,-3.139504995874081543e-03,7.839686966241275366e-04,8.404938644296863215e-01
2.083333333333333481e+00,7.559885352845461259e-01,9.745705979286377607e-01,2.185820626440916348e-01,1.821201019248061825e-01,-3.140734994565796100e-03,7.816999148516092476e-04,8.402247723331627283e-01
2.100000000000000089e+00,7.559910489396384214e-01,9.741460079082264745e-01,2.181549589685880530e-01,1.821802523608931912e-01,-3.141985796723222903e-03,7.811331116106026403e-04,8.399549898817955107e-01
2.116666666666666696e+00,7.559930114535483581e-01,9.737204829070724710e-01,2.177274714535241129e-01,1.822388907482118958e-01,-3.143362481101134431e-03,7.815792764558116045e-04,8.396842203979001384e-01
2.133333333333333304e+00,7.559945436978551259e-01,9.732938685526776323e-01,2.172993248548225065e-01,1.822960248796456628e-01,-3.144815464935782172e-03,7.832698258690699205e-04,8.394123552353368600e-01
2.149999999999999911e+00,7.559957400167615083e-01,9.728547098478699251e-01,2.168589698311084168e-01,1.823516535053007204e-01,-3.146246887440690924e-03,7.865507165253365776e-04,8.391281820805416292e-01
2.166666666666666519e+00,7.559966740086719872e-01,9.724266956257071604e-01,2.164300216170351732e-01,1.824059605167279441e-01,-3.147794777693107594e-03,7.911996276217011636e-04,8.388568310379838078e-01
2.183333333333333126e+00,7.559974032369485286e-01,9.720026035820520383e-01,2.160052003451035096e-01,1.824589805626357919e-01,-3.149741897129102949e-03,7.969569561621418991e-04,8.385870793103437082e-01
2.200000000000000178e+00,7.559979725747696389e-01,9.715778469661522365e-01,2.155798743913825977e-01,1.825109508723410656e-01,-3.152480327536724778e-03,8.036095898628757171e-04,8.383163777941093908e-01
2.216666666666666785e+00,7.559984170794978864e-01,9.711516796554759967e-01,2.151532625759781103e-01,1.825616757748740604e-01,-3.155759350547754187e-03,8.113969408734522095e-04,8.380443128683091603e-01
2.233333333333333393e+00,7.559987641292686966e-01,9.706956086350785329e-01,2.146968445058098363e-01,1.826098597098499143e-01,-3.160163271079729965e-03,8.212849401792955608e-04,8.377461952708191717e-01
2.250000000000000000e+00,7.559990351295811095e-01,9.702673548556546290e-01,2.142683197260735195e-01,1.826566441076563074e-01,-3.165313717243335798e-03,8.327119400727177800e-04,8.374742104025075795e-01
2.266666666666666607e+00,7.559992466919794873e-01,9.698443071171690688e-01,2.138450604251895815e-01,1.827027567602172442e-01,-3.170152533205980970e-03,8.469951948331677378e-04,8.372046695408971173e-01
2.283333333333333215e+00,7.559972859919094068e-01,9.694213617842494246e-01,2.134240757923400178e-01,1.827481752935007087e-01,-3.174590048995221212e-03,8.623803274424235920e-04,8.369347750326445734e-01
2.299999999999999822e+00,7.559978810487162360e-01,9.689976777764097715e-01,2.129997967276935356e-01,1.827928461179156305e-01,-3.178599965102318643e-03,8.784469813429169336e-04,8.366640639239933952e-01
2.316666666666666430e+00,7.559983455980981981e-01,9.685730474740938956e-01,2.125747018759956974e-01,1.828368210794131810e-01,-3.182384248739904449e-03,8.952513863971786959e-04,8.363923993447883731e-01
2.333333333333333481e+00,7.559944482102319840e-01,9.681473531448453462e-01,2.121529049346133622e-01,1.828800057996752826e-01,-3.185680696055423998e-03,9.129060688894885187e-04,8.361196785731623837e-01
2.350000000000000089e+00,7.559956654242763197e-01,9.677204900332577742e-01,2.117248246089814545e-01,1.829223887634114087e-01,-3.188971478932562092e-03,9.306836949125932550e-04,8.358457794493562298e-01
2.366666666666666696e+00,7.559848564585889275e-01,9.672923485063057436e-01,2.113074920477168162e-01,1.829638468276847396e-01,-3.191363293725855716e-03,9.514782588958993611e-04,8.355706589389257921e-01
2.383333333333333304e+00,7.559881767052059054e-01,9.668629028512831791e-01,2.108747261460772737e-01,1.830043806100777881e-01,-3.193456457543399768e-03,9.740122983284822634e-04,8.352945260945652262e-01
2.399999999999999911e+00,7.559907689848490708e-01,9.664179932033264420e-01,2.104272242184773711e-01,1.830442128350688313e-01,-3.194441288468593751e-03,9.965559530709479970e-04,8.350049837683221066e-01
2.416666666666666519e+00,7.559927929091552201e-01,9.659416910870318729e-01,2.099488981778766528e-01,1.830829987184497409e-01,-3.194938552010959543e-03,1.019518426382064928e-03,8.346830234545302707e-01
2.433333333333333126e+00,7.559943730787525018e-01,9.654280232147265384e-01,2.094336501359740366e-01,1.831206300639622309e-01,-3.194663990976408501e-03,1.043171715610996531e-03,8.343420534399046407e-01
2.450000000000000178e+00,7.559709212805604261e-01,9.650044272034750126e-01,2.090335059229145864e-01,1.831575809360116991e-01,-3.194960967077168940e-03,1.065648187364610141e-03,8.340791107274301286e-01
2.466666666666666785e+00,7.559772968305529250e-01,9.646088208932004360e-01,2.086315240626475109e-01,1.831951637860960991e-01,-3.194841990630023672e-03,1.086712935278981093e-03,8.338313385878823869e-01
2.483333333333333393e+00,7.559822745072841688e-01,9.642170436465330452e-01,2.082347691392488764e-01,1.832329031540317621e-01,-3.194891375450117227e-03,1.108780943240389406e-03,8.335853009655451729e-01
2.500000000000000000e+00,7.559720097937405736e-01,9.637964288931415435e-01,2.078244190994009699e-01,1.832704544003072034e-01,-3.194696918230374456e-03,1.130257710346365026e-03,8.333075726671870243e-01
2.516666666666666607e+00,7.559738695819974152e-01,9.633865130496575002e-01,2.074126434676600850e-01,1.833070219723735850e-01,-3.194434360046235349e-03,1.150542003067809736e-03,8.330529868276379535e-01
2.533333333333333215e+00,7.559795986961486136e-01,9.629977955917787824e-01,2.070181968956301688e-01,1.833436116869658628e-01,-3.194508089459739512e-03,1.169654941943920005e-03,8.328101862988612769e-01
2.549999999999999822e+00,7.559840717072106031e-01,9.626123999442030010e-01,2.066283282369923979e-01,1.833806358663856995e-01,-3.194974845788812849e-03,1.189105306297905422e-03,8.325693237896650833e-01
2.566666666666666430e+00,7.559875640088190574e-01,9.622275677869485122e-01,2.062400037781294548e-01,1.834179265186000607e-01,-3.195162561893805011e-03,1.208406736372118640e-03,8.323287635218302727e-01
2.583333333333333481e+00,7.559902906190260063e-01,9.618427463975763869e-01,2.058524557785503806e-01,1.834551762203955050e-01,-3.194781738351135710e-03,1.228234991360267238e-03,8.320881645773891000e-01
2.600000000000000089e+00,7.559924194198676117e-01,9.614577874898212473e-01,2.054653680699536356e-01,1.834925184809325371e-01,-3.194441859653182093e-03,1.248201150761222731e-03,8.318474082116371626e-01
